<?xml version="1.0"?>
<?xml-stylesheet type="text/xsl" href="configuration.xsl"?>

<!-- Put site-specific property overrides in this file. -->

<configuration>

<!-- file properties -->

<property>
  <name>file.content.limit</name>
  <value>-1</value>
  <description>The length limit for downloaded content using the file://
  protocol, in bytes. If this value is nonnegative (>=0), content longer
  than it will be truncated; otherwise, no truncation at all. Do not
  confuse this setting with the http.content.limit setting.
  </description>
</property>
  
<property>
  <name>file.crawl.parent</name>
  <value>false</value>
  <description>The crawler is not restricted to the directories that you specified in the
    Urls file but it is jumping into the parent directories as well. For your own crawlings you can
    change this bahavior (set to false) the way that only directories beneath the directories that you specify get
    crawled.</description>
</property>

<property>
  <name>file.content.ignored</name>
  <value>true</value>
  <description>If true, no file content will be saved during fetch.
  And it is probably what we want to set most of time, since file:// URLs
  are meant to be local and we can always use them directly at parsing
  and indexing stages. Otherwise file contents will be saved.
  !! NO IMPLEMENTED YET !!
  </description>
</property>

<!-- HTTP properties -->

<property>
  <name>http.agent.name</name>
  <value>My Nutch Spider</value>
  <description>HTTP 'User-Agent' request header. MUST NOT be empty - 
  please set this to a single word uniquely related to your organization.

  NOTE: You should also check other related properties:

	http.robots.agents
	http.agent.description
	http.agent.url
	http.agent.email
	http.agent.version

  and set their values appropriately.

  </description>
</property>

<property>
  <name>http.robots.agents</name>
  <value>My Nutch Spider,*</value>
  <description>The agent strings we'll look for in robots.txt files,
  comma-separated, in decreasing order of precedence. You should
  put the value of http.agent.name as the first agent name, and keep the
  default * at the end of the list. E.g.: BlurflDev,Blurfl,*
  </description>
</property>

<property>
  <name>http.content.limit</name>
  <value>-1</value>
  <description>The length limit for downloaded content using the http://
  protocol, in bytes. If this value is nonnegative (>=0), content longer
  than it will be truncated; otherwise, no truncation at all. Do not
  confuse this setting with the file.content.limit setting.
  </description>
</property>

<!-- FTP properties -->

<property>
  <name>ftp.content.limit</name>
  <value>-1</value> 
  <description>The length limit for downloaded content, in bytes.
  If this value is nonnegative (>=0), content longer than it will be truncated;
  otherwise, no truncation at all.
  Caution: classical ftp RFCs never defines partial transfer and, in fact,
  some ftp servers out there do not handle client side forced close-down very
  well. Our implementation tries its best to handle such situations smoothly.
  </description>
</property>

<!-- web db properties -->

<property>
  <name>db.ignore.external.links</name>
  <value>true</value>
  <description>If true, outlinks leading from a page to external hosts
  will be ignored. This is an effective way to limit the crawl to include
  only initially injected hosts, without creating complex URLFilters.
  </description>
</property>

<property>
  <name>db.max.inlinks</name>
  <value>10000</value>
  <description>Maximum number of Inlinks per URL to be kept in LinkDb.
  If "invertlinks" finds more inlinks than this number, only the first
  N inlinks will be stored, and the rest will be discarded.
  </description>
</property>

<property>
  <name>db.max.outlinks.per.page</name>
  <value>-1</value>
  <description>The maximum number of outlinks that we'll process for a page.
  If this value is nonnegative (>=0), at most db.max.outlinks.per.page outlinks
  will be processed for a page; otherwise, all outlinks will be processed.
  </description>
</property>

<property>
  <name>db.max.anchor.length</name>
  <value>1048576</value>
  <description>The maximum number of characters permitted in an anchor.
  </description>
</property>

<!-- fetcher properties -->

<property>
  <name>fetcher.server.delay</name>
  <value>0.0</value>
  <description>The number of seconds the fetcher will delay between 
   successive requests to the same server.</description>
</property>

<property>
  <name>fetcher.server.min.delay</name>
  <value>0.0</value>
  <description>The minimum number of seconds the fetcher will delay between 
  successive requests to the same server. This value is applicable ONLY
  if fetcher.threads.per.host is greater than 1 (i.e. the host blocking
  is turned off).</description>
</property>

<property>
 <name>fetcher.max.crawl.delay</name>
 <value>30</value>
 <description>
 If the Crawl-Delay in robots.txt is set to greater than this value (in
 seconds) then the fetcher will skip this page, generating an error report.
 If set to -1 the fetcher will never skip such pages and will wait the
 amount of time retrieved from robots.txt Crawl-Delay, however long that
 might be.
 </description>
</property> 

<property>
  <name>fetcher.threads.fetch</name>
  <value>10</value>
  <description>The number of FetcherThreads the fetcher should use.
  This is also determines the maximum number of requests that are
  made at once (each FetcherThread handles one connection). The total
  number of threads running in distributed mode will be the number of
  fetcher threads * number of nodes as fetcher has one map task per node.
  </description>
</property>

<property>
  <name>fetcher.threads.per.queue</name>
  <value>1</value>
  <description>This number is the maximum number of threads that
    should be allowed to access a queue at one time.
   </description>
</property>

<property>
  <name>indexer.max.title.length</name>
  <value>-1</value>
  <description>The maximum number of characters of a title that are indexed. A value of -1 disables this check.
  </description>
</property>

<property>
  <name>indexer.max.content.length</name>
  <value>-1</value>
  <description>The maximum number of characters of a content that are indexed.
  Content beyond the limit is truncated. A value of -1 disables this check.
  </description>
</property>

<!-- plugin properties -->

<property>
  <name>plugin.includes</name>
  <value>protocol-(file|http)|urlfilter-regex|parse-(html|tika)|index-(basic|anchor)|indexer-solr|scoring-opic|urlnormalizer-(pass|regex|basic)</value>
  <description>Regular expression naming plugin directory names to
  include.  Any plugin not matching this expression is excluded.
  In any case you need at least include the nutch-extensionpoints plugin. By
  default Nutch includes crawling just HTML and plain text via HTTP,
  and basic indexing and search plugins. In order to use HTTPS please enable 
  protocol-httpclient, but be aware of possible intermittent problems with the 
  underlying commons-httpclient library.
  </description>
</property>

<!-- parser properties -->

<property>
  <name>parser.character.encoding.default</name>
  <value>windows-1256</value>
  <description>The character encoding to fall back to when no other information
  is available</description>
</property>

<property>
  <name>parser.timeout</name>
  <value>3600</value>
  <description>Timeout in seconds for the parsing of a document, otherwise treats it as an exception and 
  moves on the the following documents. This parameter is applied to any Parser implementation. 
  Set to -1 to deactivate, bearing in mind that this could cause
  the parsing to crash because of a very long or corrupted document.
  </description>
</property>

<property>
    <name>fs.file.impl</name>
    <value>com.conga.services.hadoop.patch.HADOOP_7682.WinLocalFileSystem</value>
    <description>Enables patch for issue HADOOP-7682 on Windows</description>
</property>

<property>
	<name>hadoop.tmp.dir</name>
	<value>D:/home/data/solr/nutch-1.7/tmp</value>
</property>

</configuration>
